{
  "features": [
    "temperature",
    "heartrate",
    "resprate",
    "o2sat",
    "sbp",
    "dbp",
    "pain"
  ],
  "scaling": {
    "medians": {
      "temperature": 98.0,
      "heartrate": 84.0,
      "resprate": 18.0,
      "o2sat": 99.0,
      "sbp": 133.0,
      "dbp": 77.0,
      "pain": 5.0
    },
    "means": {
      "temperature": 98.01440104353028,
      "heartrate": 85.05214565893326,
      "resprate": 17.57968524276489,
      "o2sat": 98.48975436498446,
      "sbp": 135.33108445348,
      "dbp": 81.13909351829706,
      "pain": 4.455176165988998
    },
    "stds": {
      "temperature": 3.9289771724569933,
      "heartrate": 17.817833607143793,
      "resprate": 5.3976249724355405,
      "o2sat": 16.76072176757959,
      "sbp": 237.6765973228526,
      "dbp": 1041.8044859050156,
      "pain": 3.9873020511567607
    }
  },
  "centroids": {
    "1": [
      0.011004081861493863,
      0.5137535066145181,
      0.251512983626694,
      -0.052463191638866445,
      -0.024677769049476266,
      -0.0034176453182053292,
      -0.034455900600273
    ],
    "2": [
      -0.004988564513828087,
      0.01794222449273975,
      0.049698448291881116,
      -0.01976768503940746,
      0.0016673708142117664,
      -0.001570754813347149,
      -0.21556204259148165
    ],
    "3": [
      0.005537278009103278,
      -0.04261131695619593,
      -0.04055824181920225,
      0.013379705787369285,
      0.002559558418154926,
      0.0014886747966788329,
      0.12428175283369922
    ],
    "4": [
      -0.027219419033709592,
      -0.17475415875270056,
      -0.12976172766786312,
      0.03399502400347764,
      -0.006975127458088618,
      -0.0010639868160602457,
      0.12165556468966193
    ],
    "5": [
      -0.03566997005179811,
      -0.24512520998269272,
      -0.12962835438512757,
      0.032395556424848385,
      -0.015422763323417066,
      -0.0033211630934766477,
      -0.5090463663131836
    ]
  }
}