{"temperature": {"mean": 98.01440104353028, "std": 3.9289771724569933}, "heartrate": {"mean": 85.05214565893326, "std": 17.817833607143793}, "resprate": {"mean": 17.57968524276489, "std": 5.3976249724355405}, "o2sat": {"mean": 98.48975436498446, "std": 16.76072176757959}, "sbp": {"mean": 135.33108445348, "std": 237.6765973228526}, "dbp": {"mean": 81.13909351829706, "std": 1041.8044859050156}, "pain": {"mean": 4.455176165988998, "std": 3.9873020511567607}}